{
    "counter": {
        "ACTIVE": 2016,
        "INACTIVE": 1,
        "INVALID": 0,
        "MALICIOUS": 0,
        "SANE": 0,
        "VALID": 0,
        "total": 2017
    },
    "percentage": {
        "ACTIVE": 99.95042141794745,
        "INACTIVE": 0.04995004995004995,
        "INVALID": 0,
        "MALICIOUS": 0,
        "SANE": 0,
        "VALID": 0,
        "total": 100.00037146789751
    }
}