{
    "counter": {
        "ACTIVE": 602,
        "INACTIVE": 95,
        "INVALID": 0,
        "MALICIOUS": 0,
        "SANE": 0,
        "VALID": 0,
        "total": 697
    },
    "percentage": {
        "ACTIVE": 86.37015781922526,
        "INACTIVE": 16.99463327370304,
        "INVALID": 0,
        "MALICIOUS": 0,
        "SANE": 0,
        "VALID": 0,
        "total": 103.3647910929283
    }
}