{
    "counter": {
        "ACTIVE": 1884,
        "INACTIVE": 208,
        "INVALID": 0,
        "MALICIOUS": 0,
        "SANE": 0,
        "VALID": 0,
        "total": 2092
    },
    "percentage": {
        "ACTIVE": 90.05736137667304,
        "INACTIVE": 10.048309178743962,
        "INVALID": 0,
        "MALICIOUS": 0,
        "SANE": 0,
        "VALID": 0,
        "total": 100.105670555417
    }
}