{
    "counter": {
        "ACTIVE": 1991,
        "INACTIVE": 4,
        "INVALID": 0,
        "MALICIOUS": 0,
        "SANE": 0,
        "VALID": 0,
        "total": 1995
    },
    "percentage": {
        "ACTIVE": 99.79949874686717,
        "INACTIVE": 0.20460358056265984,
        "INVALID": 0,
        "MALICIOUS": 0,
        "SANE": 0,
        "VALID": 0,
        "total": 100.00410232742983
    }
}