{
    "counter": {
        "ACTIVE": 2027,
        "INACTIVE": 15,
        "INVALID": 0,
        "MALICIOUS": 0,
        "SANE": 0,
        "VALID": 0,
        "total": 2042
    },
    "percentage": {
        "ACTIVE": 99.26542605288932,
        "INACTIVE": 1.0006671114076051,
        "INVALID": 0,
        "MALICIOUS": 0,
        "SANE": 0,
        "VALID": 0,
        "total": 100.26609316429693
    }
}