{
    "counter": {
        "ACTIVE": 1826,
        "INACTIVE": 52,
        "INVALID": 0,
        "MALICIOUS": 0,
        "SANE": 0,
        "VALID": 0,
        "total": 1878
    },
    "percentage": {
        "ACTIVE": 97.23109691160809,
        "INACTIVE": 2.8602860286028604,
        "INVALID": 0,
        "MALICIOUS": 0,
        "SANE": 0,
        "VALID": 0,
        "total": 100.09138294021095
    }
}