{
    "counter": {
        "ACTIVE": 1870,
        "INACTIVE": 208,
        "INVALID": 0,
        "MALICIOUS": 0,
        "SANE": 0,
        "VALID": 0,
        "total": 2078
    },
    "percentage": {
        "ACTIVE": 89.99037536092396,
        "INACTIVE": 10.048309178743962,
        "INVALID": 0,
        "MALICIOUS": 0,
        "SANE": 0,
        "VALID": 0,
        "total": 100.03868453966793
    }
}