{
    "counter": {
        "ACTIVE": 2226,
        "INACTIVE": 1,
        "INVALID": 0,
        "MALICIOUS": 0,
        "SANE": 0,
        "VALID": 0,
        "total": 2227
    },
    "percentage": {
        "ACTIVE": 99.95509654243376,
        "INACTIVE": 0.04844961240310078,
        "INVALID": 0,
        "MALICIOUS": 0,
        "SANE": 0,
        "VALID": 0,
        "total": 100.00354615483687
    }
}