{
    "counter": {
        "ACTIVE": 1794,
        "INACTIVE": 975,
        "INVALID": 1,
        "MALICIOUS": 0,
        "SANE": 0,
        "VALID": 0,
        "total": 2770
    },
    "percentage": {
        "ACTIVE": 64.7653429602888,
        "INACTIVE": 35.532069970845484,
        "INVALID": 0.04088307440719542,
        "MALICIOUS": 0,
        "SANE": 0,
        "VALID": 0,
        "total": 100.33829600554148
    }
}