{
    "counter": {
        "ACTIVE": 1259,
        "INACTIVE": 576,
        "INVALID": 0,
        "MALICIOUS": 0,
        "SANE": 0,
        "VALID": 0,
        "total": 1835
    },
    "percentage": {
        "ACTIVE": 68.64776444929117,
        "INACTIVE": 31.38964577656676,
        "INVALID": 0,
        "MALICIOUS": 0,
        "SANE": 0,
        "VALID": 0,
        "total": 100.03741022585794
    }
}