{
    "counter": {
        "ACTIVE": 2034,
        "INACTIVE": 0,
        "INVALID": 1,
        "MALICIOUS": 0,
        "SANE": 0,
        "VALID": 0,
        "total": 2035
    },
    "percentage": {
        "ACTIVE": 99.95085995085995,
        "INACTIVE": 0,
        "INVALID": 0.04921259842519685,
        "MALICIOUS": 0,
        "SANE": 0,
        "VALID": 0,
        "total": 100.00007254928515
    }
}