{
    "counter": {
        "ACTIVE": 1638,
        "INACTIVE": 11,
        "INVALID": 0,
        "MALICIOUS": 0,
        "SANE": 0,
        "VALID": 0,
        "total": 1649
    },
    "percentage": {
        "ACTIVE": 99.33292904790783,
        "INACTIVE": 1.21012101210121,
        "INVALID": 0,
        "MALICIOUS": 0,
        "SANE": 0,
        "VALID": 0,
        "total": 100.54305006000904
    }
}