{
    "counter": {
        "ACTIVE": 1723,
        "INACTIVE": 966,
        "INVALID": 1,
        "MALICIOUS": 0,
        "SANE": 0,
        "VALID": 0,
        "total": 2690
    },
    "percentage": {
        "ACTIVE": 64.05204460966543,
        "INACTIVE": 36.09865470852018,
        "INVALID": 0.04088307440719542,
        "MALICIOUS": 0,
        "SANE": 0,
        "VALID": 0,
        "total": 100.1915823925928
    }
}