{
    "counter": {
        "ACTIVE": 1792,
        "INACTIVE": 52,
        "INVALID": 0,
        "MALICIOUS": 0,
        "SANE": 0,
        "VALID": 0,
        "total": 1844
    },
    "percentage": {
        "ACTIVE": 97.18004338394793,
        "INACTIVE": 2.8602860286028604,
        "INVALID": 0,
        "MALICIOUS": 0,
        "SANE": 0,
        "VALID": 0,
        "total": 100.04032941255079
    }
}