{
    "counter": {
        "ACTIVE": 1894,
        "INACTIVE": 1,
        "INVALID": 0,
        "MALICIOUS": 0,
        "SANE": 0,
        "VALID": 0,
        "total": 1895
    },
    "percentage": {
        "ACTIVE": 99.94722955145119,
        "INACTIVE": 0.052770448548812667,
        "INVALID": 0.0,
        "MALICIOUS": 0.0,
        "SANE": 0.0,
        "VALID": 0.0,
        "total": 100.0
    }
}