{
    "counter": {
        "ACTIVE": 2030,
        "INACTIVE": 1,
        "INVALID": 0,
        "MALICIOUS": 0,
        "SANE": 0,
        "VALID": 0,
        "total": 2031
    },
    "percentage": {
        "ACTIVE": 99.9507631708518,
        "INACTIVE": 0.29850746268656714,
        "INVALID": 0,
        "MALICIOUS": 0,
        "SANE": 0,
        "VALID": 0,
        "total": 100.24927063353837
    }
}