{
    "counter": {
        "ACTIVE": 2197,
        "INACTIVE": 10,
        "INVALID": 0,
        "MALICIOUS": 0,
        "SANE": 0,
        "VALID": 0,
        "total": 2207
    },
    "percentage": {
        "ACTIVE": 99.54689623923879,
        "INACTIVE": 0.45310376076121434,
        "INVALID": 0.0,
        "MALICIOUS": 0.0,
        "SANE": 0.0,
        "VALID": 0.0,
        "total": 100.0
    }
}