{
    "counter": {
        "ACTIVE": 418,
        "INACTIVE": 43,
        "INVALID": 0,
        "MALICIOUS": 0,
        "SANE": 0,
        "VALID": 0,
        "total": 461
    },
    "percentage": {
        "ACTIVE": 90.67245119305856,
        "INACTIVE": 9.409190371991247,
        "INVALID": 0,
        "MALICIOUS": 0,
        "SANE": 0,
        "VALID": 0,
        "total": 100.08164156504981
    }
}