{
    "counter": {
        "ACTIVE": 1642,
        "INACTIVE": 1,
        "INVALID": 0,
        "MALICIOUS": 0,
        "SANE": 0,
        "VALID": 0,
        "total": 1643
    },
    "percentage": {
        "ACTIVE": 99.93913572732806,
        "INACTIVE": 0.29850746268656714,
        "INVALID": 0,
        "MALICIOUS": 0,
        "SANE": 0,
        "VALID": 0,
        "total": 100.23764319001464
    }
}