{
    "counter": {
        "ACTIVE": 1604,
        "INACTIVE": 4,
        "INVALID": 0,
        "MALICIOUS": 0,
        "SANE": 0,
        "VALID": 0,
        "total": 1608
    },
    "percentage": {
        "ACTIVE": 99.75124378109453,
        "INACTIVE": 0.24968789013732834,
        "INVALID": 0,
        "MALICIOUS": 0,
        "SANE": 0,
        "VALID": 0,
        "total": 100.00093167123185
    }
}