{
    "counter": {
        "ACTIVE": 1318,
        "INACTIVE": 689,
        "INVALID": 0,
        "MALICIOUS": 0,
        "SANE": 0,
        "VALID": 0,
        "total": 2007
    },
    "percentage": {
        "ACTIVE": 65.83416583416583,
        "INACTIVE": 34.32984554060787,
        "INVALID": 0,
        "MALICIOUS": 0,
        "SANE": 0,
        "VALID": 0,
        "total": 100.16401137477371
    }
}