{
    "counter": {
        "ACTIVE": 1889,
        "INACTIVE": 11,
        "INVALID": 0,
        "MALICIOUS": 0,
        "SANE": 0,
        "VALID": 0,
        "total": 1900
    },
    "percentage": {
        "ACTIVE": 99.42105263157895,
        "INACTIVE": 1.21012101210121,
        "INVALID": 0,
        "MALICIOUS": 0,
        "SANE": 0,
        "VALID": 0,
        "total": 100.63117364368016
    }
}