{
    "counter": {
        "ACTIVE": 2035,
        "INACTIVE": 1,
        "INVALID": 0,
        "MALICIOUS": 0,
        "SANE": 0,
        "VALID": 0,
        "total": 2036
    },
    "percentage": {
        "ACTIVE": 99.950884086444,
        "INACTIVE": 33.333333333333336,
        "INVALID": 0,
        "MALICIOUS": 0,
        "SANE": 0,
        "VALID": 0,
        "total": 133.28421741977735
    }
}