{
    "counter": {
        "ACTIVE": 1948,
        "INACTIVE": 1,
        "INVALID": 0,
        "MALICIOUS": 0,
        "SANE": 0,
        "VALID": 0,
        "total": 1949
    },
    "percentage": {
        "ACTIVE": 99.94869163673678,
        "INACTIVE": 0.051308363263211906,
        "INVALID": 0.0,
        "MALICIOUS": 0.0,
        "SANE": 0.0,
        "VALID": 0.0,
        "total": 100.0
    }
}