{
    "counter": {
        "ACTIVE": 887,
        "INACTIVE": 95,
        "INVALID": 0,
        "MALICIOUS": 0,
        "SANE": 0,
        "VALID": 0,
        "total": 982
    },
    "percentage": {
        "ACTIVE": 90.32586558044807,
        "INACTIVE": 16.99463327370304,
        "INVALID": 0,
        "MALICIOUS": 0,
        "SANE": 0,
        "VALID": 0,
        "total": 107.32049885415111
    }
}