{
    "counter": {
        "ACTIVE": 2006,
        "INACTIVE": 12,
        "INVALID": 0,
        "MALICIOUS": 0,
        "SANE": 0,
        "VALID": 0,
        "total": 2018
    },
    "percentage": {
        "ACTIVE": 99.40535183349851,
        "INACTIVE": 0.7518796992481203,
        "INVALID": 0,
        "MALICIOUS": 0,
        "SANE": 0,
        "VALID": 0,
        "total": 100.15723153274664
    }
}