{
    "counter": {
        "ACTIVE": 621,
        "INACTIVE": 11,
        "INVALID": 0,
        "MALICIOUS": 0,
        "SANE": 0,
        "VALID": 0,
        "total": 632
    },
    "percentage": {
        "ACTIVE": 98.25949367088607,
        "INACTIVE": 3.559870550161812,
        "INVALID": 0,
        "MALICIOUS": 0,
        "SANE": 0,
        "VALID": 0,
        "total": 101.81936422104789
    }
}