{
    "counter": {
        "ACTIVE": 1122,
        "INACTIVE": 412,
        "INVALID": 0,
        "MALICIOUS": 0,
        "SANE": 0,
        "VALID": 0,
        "total": 1534
    },
    "percentage": {
        "ACTIVE": 73.76725838264299,
        "INACTIVE": 26.857887874837026,
        "INVALID": 0,
        "MALICIOUS": 0,
        "SANE": 0,
        "VALID": 0,
        "total": 100.62514625748003
    }
}