{
    "counter": {
        "ACTIVE": 2005,
        "INACTIVE": 12,
        "INVALID": 0,
        "MALICIOUS": 0,
        "SANE": 0,
        "VALID": 0,
        "total": 2017
    },
    "percentage": {
        "ACTIVE": 99.40505701536937,
        "INACTIVE": 0.7518796992481203,
        "INVALID": 0,
        "MALICIOUS": 0,
        "SANE": 0,
        "VALID": 0,
        "total": 100.15693671461749
    }
}