{
    "counter": {
        "ACTIVE": 226,
        "INACTIVE": 32,
        "INVALID": 0,
        "MALICIOUS": 0,
        "SANE": 0,
        "VALID": 0,
        "total": 258
    },
    "percentage": {
        "ACTIVE": 87.59689922480621,
        "INACTIVE": 12.45136186770428,
        "INVALID": 0,
        "MALICIOUS": 0,
        "SANE": 0,
        "VALID": 0,
        "total": 100.04826109251049
    }
}