{
    "counter": {
        "ACTIVE": 1471,
        "INACTIVE": 870,
        "INVALID": 0,
        "MALICIOUS": 0,
        "SANE": 0,
        "VALID": 0,
        "total": 2341
    },
    "percentage": {
        "ACTIVE": 62.863247863247864,
        "INACTIVE": 37.16360529688168,
        "INVALID": 0,
        "MALICIOUS": 0,
        "SANE": 0,
        "VALID": 0,
        "total": 100.02685316012955
    }
}