{
    "counter": {
        "ACTIVE": 1994,
        "INACTIVE": 7,
        "INVALID": 0,
        "MALICIOUS": 0,
        "SANE": 0,
        "VALID": 0,
        "total": 2001
    },
    "percentage": {
        "ACTIVE": 99.65017491254373,
        "INACTIVE": 0.4117647058823529,
        "INVALID": 0,
        "MALICIOUS": 0,
        "SANE": 0,
        "VALID": 0,
        "total": 100.06193961842608
    }
}