{
    "counter": {
        "ACTIVE": 1991,
        "INACTIVE": 0,
        "INVALID": 1,
        "MALICIOUS": 0,
        "SANE": 0,
        "VALID": 0,
        "total": 1992
    },
    "percentage": {
        "ACTIVE": 99.94979919678715,
        "INACTIVE": 0,
        "INVALID": 0.05025125628140704,
        "MALICIOUS": 0,
        "SANE": 0,
        "VALID": 0,
        "total": 100.00005045306857
    }
}