{
    "counter": {
        "ACTIVE": 1782,
        "INACTIVE": 52,
        "INVALID": 0,
        "MALICIOUS": 0,
        "SANE": 0,
        "VALID": 0,
        "total": 1834
    },
    "percentage": {
        "ACTIVE": 97.16466739367503,
        "INACTIVE": 2.8602860286028604,
        "INVALID": 0,
        "MALICIOUS": 0,
        "SANE": 0,
        "VALID": 0,
        "total": 100.02495342227789
    }
}