{
    "counter": {
        "101domain": 1,
        "1API GmbH": 4,
        "Amazon Registrar, Inc.": 1,
        "Atak Domain Bilgi Teknolojileri A.S.": 1,
        "CNOBIN INFORMATION TECHNOLOGY LIMITED": 1,
        "CommuniGal Communication Ltd.": 1,
        "DotRoll Kft.": 1,
        "DreamHost, LLC": 1,
        "Dynadot LLC": 1,
        "GoDaddy.com, LLC": 4,
        "Hosting Concepts B.V. d/b/a Registrar.eu": 4,
        "Key-Systems GmbH": 2,
        "Name.com, Inc.": 1,
        "NameCheap, Inc.": 12,
        "Namecheap": 5,
        "Namecheap Inc.": 1,
        "Namecheap, Inc.": 1,
        "OVH": 1,
        "OVH sas": 1,
        "OwnRegistrar, Inc.": 2,
        "PDR Ltd. d/b/a PublicDomainRegistry.com": 1,
        "Porkbun, LLC": 1,
        "REGTIME-SU": 1,
        "Registrar of Domain Names REG.RU LLC": 4,
        "Registrar of Domain Names REG.RU, LLC": 4,
        "Tucows Domains Inc.": 1,
        "Xiamen ChinaSource Internet Service Co., Ltd": 1,
        "total": 60,
        "广州云讯信息科技有限公司": 1
    },
    "percentage": {
        "101domain": 1.6666666666666667,
        "1API GmbH": 6.666666666666667,
        "Amazon Registrar, Inc.": 1.6666666666666667,
        "Atak Domain Bilgi Teknolojileri A.S.": 1.6666666666666667,
        "CNOBIN INFORMATION TECHNOLOGY LIMITED": 1.6666666666666667,
        "CommuniGal Communication Ltd.": 1.6666666666666667,
        "DotRoll Kft.": 1.6666666666666667,
        "DreamHost, LLC": 1.6666666666666667,
        "Dynadot LLC": 1.6666666666666667,
        "GoDaddy.com, LLC": 6.666666666666667,
        "Hosting Concepts B.V. d/b/a Registrar.eu": 6.666666666666667,
        "Key-Systems GmbH": 3.3333333333333335,
        "Name.com, Inc.": 1.6666666666666667,
        "NameCheap, Inc.": 20.0,
        "Namecheap": 8.333333333333334,
        "Namecheap Inc.": 1.6666666666666667,
        "Namecheap, Inc.": 1.6666666666666667,
        "OVH": 1.6666666666666667,
        "OVH sas": 1.6666666666666667,
        "OwnRegistrar, Inc.": 3.3333333333333335,
        "PDR Ltd. d/b/a PublicDomainRegistry.com": 1.6666666666666667,
        "Porkbun, LLC": 1.6666666666666667,
        "REGTIME-SU": 1.6666666666666667,
        "Registrar of Domain Names REG.RU LLC": 6.666666666666667,
        "Registrar of Domain Names REG.RU, LLC": 6.666666666666667,
        "Tucows Domains Inc.": 1.6666666666666667,
        "Xiamen ChinaSource Internet Service Co., Ltd": 1.6666666666666667,
        "total": 100.00000000000006,
        "广州云讯信息科技有限公司": 1.6666666666666667
    }
}