{
    "counter": {
        "101domain": 1,
        "1API GmbH": 4,
        "Amazon Registrar, Inc.": 1,
        "Atak Domain Bilgi Teknolojileri A.S.": 1,
        "CNOBIN INFORMATION TECHNOLOGY LIMITED": 1,
        "CommuniGal Communication Ltd.": 1,
        "DYNADOT, LLC": 1,
        "DotRoll Kft.": 1,
        "DreamHost, LLC": 1,
        "Dynadot LLC": 5,
        "Gandi SAS": 1,
        "GoDaddy.com, LLC": 4,
        "Hosting Concepts B.V. d/b/a Registrar.eu": 4,
        "Key-Systems GmbH": 2,
        "Name.com, Inc.": 1,
        "NameCheap, Inc.": 12,
        "Namecheap": 5,
        "Namecheap Inc.": 1,
        "Namecheap, Inc.": 1,
        "OVH": 1,
        "OVH sas": 1,
        "OwnRegistrar, Inc.": 2,
        "PDR Ltd. d/b/a PublicDomainRegistry.com": 1,
        "Porkbun, LLC": 1,
        "REGTIME-SU": 1,
        "Registrar of Domain Names REG.RU LLC": 4,
        "Registrar of Domain Names REG.RU, LLC": 4,
        "Tucows Domains Inc.": 1,
        "Xiamen ChinaSource Internet Service Co., Ltd": 1,
        "total": 66,
        "广州云讯信息科技有限公司": 1
    },
    "percentage": {
        "101domain": 1.5151515151515151,
        "1API GmbH": 6.0606060606060606,
        "Amazon Registrar, Inc.": 1.5151515151515151,
        "Atak Domain Bilgi Teknolojileri A.S.": 1.5151515151515151,
        "CNOBIN INFORMATION TECHNOLOGY LIMITED": 1.5151515151515151,
        "CommuniGal Communication Ltd.": 1.5151515151515151,
        "DYNADOT, LLC": 1.5151515151515151,
        "DotRoll Kft.": 1.5151515151515151,
        "DreamHost, LLC": 1.5151515151515151,
        "Dynadot LLC": 7.575757575757576,
        "Gandi SAS": 1.5151515151515151,
        "GoDaddy.com, LLC": 6.0606060606060606,
        "Hosting Concepts B.V. d/b/a Registrar.eu": 6.0606060606060606,
        "Key-Systems GmbH": 3.0303030303030303,
        "Name.com, Inc.": 1.5151515151515151,
        "NameCheap, Inc.": 18.181818181818183,
        "Namecheap": 7.575757575757576,
        "Namecheap Inc.": 1.5151515151515151,
        "Namecheap, Inc.": 1.5151515151515151,
        "OVH": 1.5151515151515151,
        "OVH sas": 1.5151515151515151,
        "OwnRegistrar, Inc.": 3.0303030303030303,
        "PDR Ltd. d/b/a PublicDomainRegistry.com": 1.5151515151515151,
        "Porkbun, LLC": 1.5151515151515151,
        "REGTIME-SU": 1.5151515151515151,
        "Registrar of Domain Names REG.RU LLC": 6.0606060606060606,
        "Registrar of Domain Names REG.RU, LLC": 6.0606060606060606,
        "Tucows Domains Inc.": 1.5151515151515151,
        "Xiamen ChinaSource Internet Service Co., Ltd": 1.5151515151515151,
        "total": 100.00000000000001,
        "广州云讯信息科技有限公司": 1.5151515151515151
    }
}