{
    "counter": {
        "Amazon Registrar, Inc.": 3,
        "Google Inc": 6,
        "Mesh Digital Ltd": 1,
        "NameSilo, LLC": 2,
        "Namecheap": 1,
        "OwnRegistrar, Inc.": 1,
        "total": 14
    },
    "percentage": {
        "Amazon Registrar, Inc.": 21.428571428571427,
        "Google Inc": 42.857142857142854,
        "Mesh Digital Ltd": 7.142857142857143,
        "NameSilo, LLC": 14.285714285714286,
        "Namecheap": 7.142857142857143,
        "OwnRegistrar, Inc.": 7.142857142857143,
        "total": 99.99999999999999
    }
}