{
    "counter": {
        "Above.com Pty Ltd.": 2,
        "NameCheap, Inc.": 2,
        "Sav.com, LLC": 2,
        "total": 6
    },
    "percentage": {
        "Above.com Pty Ltd.": 33.333333333333336,
        "NameCheap, Inc.": 33.333333333333336,
        "Sav.com, LLC": 33.333333333333336,
        "total": 100.0
    }
}